{"cameraMode":{"drawMode":0,"name":"Shaded","section":"Shading Mode"},"sceneLighting":true,"audioPlay":false,"sceneViewState":{"m_AlwaysRefresh":false,"showFog":true,"showSkybox":true,"showFlares":true,"showImageEffects":true,"showParticleSystems":true,"showVisualEffectGraphs":true,"m_FxEnabled":true},"in2DMode":false,"pivot":{"x":12.688342094421387,"y":-3.6034469604492189,"z":-21.931533813476564},"rotation":{"x":0.0009052093373611569,"y":0.9616556167602539,"z":-0.27424901723861697,"w":0.003174042794853449},"size":28.207408905029298,"orthographic":false}